{
    "data":{
        "groups":[{
            "count":78,
            "start":0,
            "materialIndex":0
        }],
        "attributes":{
            "normal":{
                "type":"Float32Array",
                "array":[2.31796e-07,0,-1,2.31796e-07,0,-1,2.31796e-07,0,-1,1,-1.58946e-07,6.94774e-15,1,-1.58946e-07,6.94774e-15,1,-1.58946e-07,6.94774e-15,-4.47035e-08,-1.58946e-07,1,-4.47035e-08,-1.58946e-07,1,-4.47035e-08,-1.58946e-07,1,-1,-1.19209e-07,-1.78814e-07,-1,-1.19209e-07,-1.78814e-07,-1,-1.19209e-07,-1.78814e-07,1.3411e-07,1.19209e-07,-1,1.3411e-07,1.19209e-07,-1,1.3411e-07,1.19209e-07,-1,0,1,0,0,1,0,0,1,0,-0,1,0,-0,1,0,0,1,-0,0,1,-0,0,1,0,0,1,0,0,1,0,0,1,0,-1,-0,-5.96046e-07,-1,-0,-5.96046e-07,-1,-0,-5.96046e-07,1,0,2.23517e-07,1,0,2.23517e-07,1,0,2.23517e-07,-1.32455e-07,0,1,-1.32455e-07,0,1,-1.32455e-07,0,1,2.31796e-07,0,-1,1,2.38418e-07,5.96046e-07,1,2.38418e-07,5.96046e-07,1,2.38418e-07,5.96046e-07,-2.38419e-07,9.9341e-08,1,-2.38419e-07,9.9341e-08,1,-2.38419e-07,9.9341e-08,1,-1,-1.58946e-07,-2.38419e-07,-1,-1.58946e-07,-2.38419e-07,-1,-1.58946e-07,-2.38419e-07,1.04308e-07,7.94729e-08,-1,1.04308e-07,7.94729e-08,-1,1.04308e-07,7.94729e-08,-1,0,1,0,-1,0,-5.96046e-07,1,-0,2.23517e-07,-1.32455e-07,0,1],
                "itemSize":3
            },
            "position":{
                "type":"Float32Array",
                "array":[1.8,3,0.8,-1.8,2.8,0.8,-1.8,3,0.8,2,3,-1,2,4.37114e-08,1,2,-4.37114e-08,-1,2,3,1,-2,4.37114e-08,1,2,4.37114e-08,1,-2,4.37114e-08,1,-2,3,-1,-2,-4.37114e-08,-1,2,-4.37114e-08,-1,-2,3,-1,2,3,-1,1.8,3,-0.8,2,3,1,2,3,-1,-2,3,-1,-1.8,3,-0.8,-1.8,3,0.8,1.8,3,0.8,-2,3,1,-1.8,2.8,-0.8,1.8,2.8,0.8,1.8,2.8,-0.8,1.8,3,-0.8,1.8,2.8,0.8,1.8,3,0.8,-1.8,3,0.8,-1.8,2.8,-0.8,-1.8,3,-0.8,-1.8,3,-0.8,1.8,2.8,-0.8,1.8,3,-0.8,1.8,2.8,0.8,2,3,-1,2,3,1,2,4.37114e-08,1,2,3,1,-2,3,1,-2,4.37114e-08,1,-2,4.37114e-08,1,-2,3,1,-2,3,-1,2,-4.37114e-08,-1,-2,-4.37114e-08,-1,-2,3,-1,-1.8,2.8,0.8,1.8,2.8,-0.8,-1.8,2.8,0.8,-1.8,2.8,-0.8],
                "itemSize":3
            },
            "uv":{
                "type":"Float32Array",
                "array":[0.566654,0.567286,0.866589,0.550623,0.866589,0.567286,0.5,0.250053,0.333369,0.000105687,0.5,0.000105627,0.333369,0.250053,0.000105647,0.000105627,0.333369,0.000105687,0.999894,0.000105567,0.833263,0.250053,0.833263,0.000105597,0.5,0.000105627,0.833263,0.250053,0.5,0.250053,0.316706,0.400232,0.333369,0.250264,0.33337,0.416895,0.000105667,0.416895,0.0167687,0.400232,0.0167687,0.266927,0.316706,0.266927,0.000105567,0.250264,0.000105607,0.550411,0.300042,0.417106,0.300042,0.550411,0.433348,0.567286,0.566654,0.550623,0.566654,0.567286,0.000105567,0.567286,0.133411,0.550623,0.133411,0.567286,0.133411,0.567286,0.433348,0.550623,0.433348,0.567286,0.566654,0.550623,0.5,0.250053,0.333369,0.250053,0.333369,0.000105687,0.333369,0.250053,0.000105567,0.250053,0.000105647,0.000105627,0.999894,0.000105567,0.999894,0.250053,0.833263,0.250053,0.5,0.000105627,0.833263,0.000105597,0.833263,0.250053,0.000105567,0.417106,0.433348,0.550623,0.000105567,0.550623,0.133411,0.550623],
                "itemSize":2
            }
        },
        "index":{
            "type":"Uint16Array",
            "array":[0,1,2,3,4,5,6,7,8,9,10,11,12,13,14,15,16,17,15,18,19,20,16,21,19,22,20,23,24,25,26,27,28,29,30,31,32,33,34,0,35,1,36,37,38,39,40,41,42,43,44,45,46,47,15,21,16,15,17,18,20,22,16,19,18,22,23,48,24,26,49,27,29,50,30,32,51,33],
            "itemSize":1
        }
    },
    "metadata":{
        "normal":52,
        "version":3,
        "position":52,
        "uv":52,
        "type":"BufferGeometry",
        "generator":"io_three"
    }
}