{
    "metadata":{
        "version":3,
        "generator":"io_three",
        "uv":44,
        "normal":44,
        "type":"BufferGeometry",
        "position":44
    },
    "data":{
        "index":{
            "array":[0,1,2,3,4,5,6,7,8,9,10,11,12,13,14,15,16,17,14,18,19,20,21,12,19,22,20,23,24,25,26,27,28,29,30,31,32,33,34,0,35,1,3,36,4,6,37,7,9,38,10,12,21,13,15,39,16,14,13,18,20,22,21,19,18,22,23,40,24,26,41,27,29,42,30,32,43,33],
            "itemSize":1,
            "type":"Uint16Array"
        },
        "attributes":{
            "position":{
                "array":[-1,6,1,-1,0,-1,-1,5.96046e-08,1,-1,6,-1,1,0,-1,-1,0,-1,1,6,-1,1,5.96046e-08,1,1,0,-1,1,6,1,-1,5.96046e-08,1,1,5.96046e-08,1,-1,6,-1,0.9,6,-0.9,1,6,-1,0.9,6,-0.9,0.9,5.8,0.9,0.9,6,0.9,0.9,6,0.9,1,6,1,-1,6,1,-0.9,6,-0.9,-0.9,6,0.9,-0.9,6,0.9,-0.9,5.8,-0.9,-0.9,6,-0.9,0.9,6,0.9,-0.9,5.8,0.9,-0.9,6,0.9,-0.9,6,-0.9,0.9,5.8,-0.9,0.9,6,-0.9,0.9,5.8,0.9,-0.9,5.8,-0.9,-0.9,5.8,0.9,-1,6,-1,1,6,-1,1,6,1,-1,6,1,0.9,5.8,-0.9,-0.9,5.8,0.9,0.9,5.8,0.9,-0.9,5.8,-0.9,0.9,5.8,-0.9],
                "itemSize":3,
                "type":"Float32Array"
            },
            "normal":{
                "array":[-1,0,-0,-1,0,-0,-1,0,-0,0,-3.97364e-08,-1,0,-3.97364e-08,-1,0,-3.97364e-08,-1,1,-0,0,1,-0,0,1,-0,0,0,3.97364e-08,1,0,3.97364e-08,1,0,3.97364e-08,1,0,1,0,0,1,0,0,1,0,-1,-0,-0,-1,-0,-0,-1,-0,-0,0,1,0,0,1,0,0,1,-0,0,1,-0,-0,1,0,1,0,-0,1,0,-0,1,0,-0,0,0,-1,0,0,-1,0,0,-1,0,0,1,0,0,1,0,0,1,-0,1,0,-0,1,0,-0,1,0,-1,0,0,-0,-3.97364e-08,-1,1,0,0,-0,3.97364e-08,1,-1,0,0,1,0,0,0,0,-1,0,-0,1,0,1,0],
                "itemSize":3,
                "type":"Float32Array"
            },
            "uv":{
                "array":[0.974904,0.731214,0.731215,0.000145369,0.974904,0.000145369,0.731215,0.731214,0.487525,0.000145339,0.731215,0.000145369,0.487525,0.731214,0.243835,0.000145339,0.487525,0.000145339,0.243835,0.731214,0.000145339,0.000145339,0.243835,0.000145339,0.000145339,0.975195,0.231651,0.96301,0.243835,0.975195,0.438784,0.999855,0.658105,0.975485,0.658105,0.999855,0.231651,0.743689,0.243835,0.731505,0.000145347,0.731505,0.0123297,0.96301,0.0123298,0.743689,0.000145399,0.999855,0.219464,0.975486,0.219464,0.999855,0.658105,0.999855,0.877427,0.975485,0.877427,0.999855,0.219464,0.999855,0.438784,0.975485,0.438784,0.999855,0.23165,0.743689,0.0123297,0.96301,0.0123295,0.74369,0.731215,0.731214,0.487525,0.731214,0.243835,0.731214,0.000145399,0.731214,0.438784,0.975485,0.000145339,0.975486,0.658105,0.975485,0.219464,0.975486,0.23165,0.96301],
                "itemSize":2,
                "type":"Float32Array"
            }
        },
        "groups":[{
            "start":0,
            "count":78,
            "materialIndex":0
        }]
    }
}